{
  "project_info": {
    "project_number": "559112823204",
    "firebase_url": "https://kplar-9e515.firebaseio.com",
    "project_id": "kplar-9e515",
    "storage_bucket": "kplar-9e515.appspot.com"
  },
  "client": [
    {
      "client_info": {
        "mobilesdk_app_id": "1:559112823204:android:51c80f80cda4ffd7fe6131",
        "android_client_info": {
          "package_name": "com.kplar"
        }
      },
      "oauth_client": [
        {
          "client_id": "559112823204-113aivt00j4nqhhsjh7h9ou9olrbqbn9.apps.googleusercontent.com",
          "client_type": 3
        }
      ],
      "api_key": [
        {
          "current_key": "AIzaSyBvqfCbhzxyEYEqSU5BvDEItLTYmkBGRDA"
        }
      ],
      "services": {
        "appinvite_service": {
          "other_platform_oauth_client": [
            {
              "client_id": "559112823204-113aivt00j4nqhhsjh7h9ou9olrbqbn9.apps.googleusercontent.com",
              "client_type": 3
            }
          ]
        }
      }
    }
  ],
  "configuration_version": "1"
}